{
    "offset": 120.0,
    
    "note0": [
        0,
        0,
        28366.25129404012,
        3308.823529411764,
        "note",
        ""
    ],
    
    
    "note1": [
        1,
        2,
        31895.79697058536,
        2426.4705882352937,
        "note",
        ""
    ],
    
    
    "note2": [
        2,
        7,
        34481.43262940459,
        1102.9411764705883,
        "note",
        ""
    ],
    
    
    "note3": [
        3,
        4,
        35669.04357041232,
        5955.882352941178,
        "note",
        ""
    ],
    
    
    "note4": [
        4,
        2,
        41859.99017640017,
        220.58823529411765,
        "note",
        ""
    ],
    
    
    "note5": [
        5,
        1,
        42158.965076440945,
        441.1764705882353,
        "note",
        ""
    ],
    
    
    "note6": [
        6,
        0,
        42572.169029274955,
        2647.0588235294113,
        "note",
        ""
    ],
    
    
    "note7": [
        7,
        6,
        45087.39668236114,
        441.1764705882353,
        "note",
        ""
    ],
    
    
    "note8": [
        8,
        5,
        45581.3976823166,
        1764.705882352941,
        "note",
        ""
    ],
    
    
    "note9": [
        9,
        4,
        46661.982782422565,
        1323.5294117647059,
        "note",
        ""
    ],
    
    
    "note10": [
        10,
        1,
        49137.45174708776,
        441.17647058823525,
        "note",
        ""
    ],
    
    
    "note11": [
        11,
        7,
        49513.53604067583,
        1323.5294117647059,
        "note",
        ""
    ],
    
    
    "note12": [
        12,
        2,
        50458.72758236248,
        220.58823529411765,
        "note",
        ""
    ],
    
    
    "note13": [
        13,
        1,
        50640.61898226384,
        2647.0588235294113,
        "note",
        ""
    ],
    
    
    "note14": [
        14,
        2,
        53093.63343508914,
        2647.0588235294113,
        "note",
        ""
    ],
    
    
    "note15": [
        15,
        7,
        56227.63933509588,
        220.5882352941176,
        "note",
        ""
    ],
    
    
    "note16": [
        16,
        1,
        56686.28237047698,
        1323.5294117647059,
        "note",
        ""
    ],
    
    
    "note17": [
        17,
        3,
        58170.01475859899,
        1323.5294117647059,
        "note",
        ""
    ],
    
    
    "note18": [
        18,
        2,
        59178.61993506551,
        1544.1176470588234,
        "note",
        ""
    ],
    
    
    "note19": [
        19,
        7,
        60698.67055851966,
        2205.882352941176,
        "note",
        ""
    ],
    
    
    "note20": [
        20,
        2,
        62828.35159369744,
        220.58823529411765,
        "note",
        ""
    ],
    
    
    "note21": [
        21,
        1,
        63166.39399377629,
        661.7647058823529,
        "note",
        ""
    ],
    
    
    "note22": [
        22,
        6,
        63941.43987016752,
        2205.882352941176,
        "note",
        ""
    ],
    
    
    "note23": [
        23,
        3,
        66306.88365840353,
        661.7647058823529,
        "note",
        ""
    ],
    
    
    "note24": [
        24,
        2,
        66695.58989350218,
        1764.705882352941,
        "note",
        ""
    ],
    
    
    "note25": [
        25,
        6,
        68592.12706971914,
        441.1764705882353,
        "note",
        ""
    ],
    
    
    "note26": [
        26,
        4,
        68971.31286969408,
        1102.9411764705883,
        "note",
        ""
    ],
    
    
    "note27": [
        27,
        7,
        70261.88573439606,
        220.58823529411765,
        "note",
        ""
    ],
    
    
    "note28": [
        28,
        2,
        70450.7734929258,
        220.58823529411765,
        "note",
        ""
    ],
    
    
    "note29": [
        29,
        3,
        70506.64463441819,
        3308.823529411764,
        "note",
        ""
    ],
    
    
    "note30": [
        30,
        1,
        73833.00085750408,
        0,
        "note",
        ""
    ],
    
    
    "note31": [
        31,
        2,
        74118.30308102537,
        661.7647058823529,
        "note",
        ""
    ],
    
    
    "note32": [
        32,
        7,
        74578.73136329465,
        1102.9411764705883,
        "note",
        ""
    ],
    
    
    "note33": [
        33,
        6,
        75699.01385135483,
        0,
        "note",
        ""
    ],
    
    
    "note34": [
        34,
        2,
        75991.86412198935,
        661.7647058823529,
        "note",
        ""
    ],
    
    
    "note35": [
        35,
        4,
        76494.57513948902,
        661.7647058823529,
        "note",
        ""
    ],
    
    
    "note36": [
        36,
        2,
        77151.57568839379,
        220.58823529411765,
        "note",
        ""
    ],
    
    
    "note37": [
        37,
        3,
        77359.576088381,
        220.58823529411765,
        "note",
        ""
    ],
    
    
    "note38": [
        38,
        0,
        77559.82529826462,
        2647.0588235294113,
        "note",
        ""
    ],
    
    
    "note39": [
        39,
        3,
        80367.42164113559,
        220.58823529411765,
        "note",
        ""
    ],
    
    
    "note40": [
        40,
        2,
        80447.99384114332,
        220.58823529411765,
        "note",
        ""
    ],
    
    
    "note41": [
        41,
        3,
        80799.02764119208,
        220.58823529411765,
        "note",
        ""
    ],
    
    
    "note42": [
        42,
        2,
        80929.03194122948,
        1102.9411764705883,
        "note",
        ""
    ],
    
    
    "note43": [
        43,
        1,
        82191.29388244357,
        2647.0588235294113,
        "note",
        ""
    ],
    
    
    "note44": [
        44,
        2,
        86402.61503530666,
        441.1764705882353,
        "note",
        ""
    ],
    
    
    "note45": [
        45,
        0,
        86727.60413529351,
        441.1764705882353,
        "note",
        ""
    ],
    
    
    "note46": [
        46,
        7,
        87167.88372351322,
        1102.9411764705883,
        "note",
        ""
    ],
    
    
    "note47": [
        47,
        4,
        87928.1752586877,
        441.1764705882353,
        "note",
        ""
    ],
    
    
    "note48": [
        48,
        2,
        88292.15475870762,
        441.1764705882353,
        "note",
        ""
    ],
    
    
    "note49": [
        49,
        0,
        88938.17395868711,
        441.17647058823525,
        "note",
        ""
    ],
    
    
    "note50": [
        50,
        1,
        89407.97262336593,
        661.7647058823529,
        "note",
        ""
    ],
    
    
    "note51": [
        51,
        7,
        89752.82720569987,
        661.7647058823529,
        "note",
        ""
    ],
    
    
    "note52": [
        52,
        6,
        90150.83912911825,
        441.1764705882353,
        "note",
        ""
    ],
    
    
    "note53": [
        53,
        2,
        90670.26194069069,
        661.7647058823529,
        "note",
        ""
    ],
    
    
    "note54": [
        54,
        1,
        91114.53171144705,
        441.17647058823525,
        "note",
        ""
    ],
    
    
    "note55": [
        55,
        3,
        91611.73188779969,
        661.7647058823529,
        "note",
        ""
    ],
    
    
    "note56": [
        56,
        1,
        92208.80568156019,
        2426.4705882352937,
        "note",
        ""
    ],
    
    
    "note57": [
        57,
        2,
        94612.42008756846,
        220.58823529411765,
        "note",
        ""
    ],