{
        "offset": 0.0,
        
        "note0": [
            0,
            0,
            10769.786728541367,
            0,
            "note",
            ""
        ],
        
        
        "note1": [
            1,
            2,
            13057.771228482015,
            0,
            "note",
            ""
        ],
        
        
        "note2": [
            2,
            3,
            15306.75402853638,
            0,
            "note",
            ""
        ],
        
        
        "note3": [
            3,
            7,
            17685.78862852417,
            0,
            "note",
            ""
        ],
        
        
        "note4": [
            4,
            3,
            18257.74332857225,
            0,
            "note",
            ""
        ],
        
        
        "note5": [
            5,
            2,
            19922.791228508577,
            0,
            "note",
            ""
        ],
        
        
        "note6": [
            6,
            2,
            22223.785528559238,
            0,
            "note",
            ""
        ],
        
        
        "note7": [
            7,
            1,
            22808.777628578246,
            0,
            "note",
            ""
        ],
        
        
        "note8": [
            8,
            2,
            24407.74542849511,
            0,
            "note",
            ""
        ],
        
        
        "note9": [
            9,
            3,
            24853.856328520924,
            0,
            "note",
            ""
        ],
        
        
        "note10": [
            10,
            4,
            25257.768428530544,
            0,
            "note",
            ""
        ],
        
        
        "note11": [
            11,
            5,
            25699.747828529216,
            0,
            "note",
            ""
        ],
        
        
        "note12": [
            12,
            6,
            26284.76232848596,
            0,
            "note",
            ""
        ],
        
        
        "note13": [
            13,
            7,
            27389.74942848552,
            0,
            "note",
            ""
        ],
        
        
        "note14": [
            14,
            7,
            29066.816228553653,
            0,
            "note",
            ""
        ],
        
        
        "note15": [
            15,
            2,
            31380.76892855577,
            0,
            "note",
            ""
        ],
        
        
        "note16": [
            16,
            1,
            33634.809228586964,
            0,
            "note",
            ""
        ],
        
        
        "note17": [
            17,
            3,
            36000.74092857074,
            0,
            "note",
            ""
        ],
        
        
        "note18": [
            18,
            4,
            36585.763328587636,
            0,
            "note",
            ""
        ],
        
        
        "note19": [
            19,
            0,
            38262.82842852641,
            0,
            "note",
            ""
        ],
        
        
        "note20": [
            20,
            2,
            40537.745428499766,
            0,
            "note",
            ""
        ],
        
        
        "note21": [
            21,
            1,
            41122.791228578426,
            0,
            "note",
            ""
        ],
        
        
        "note22": [
            22,
            2,
            41135.74662850704,
            0,
            "note",
            ""
        ],
        
        
        "note23": [
            23,
            2,
            42669.74452847615,
            0,
            "note",
            ""
        ],
        
        
        "note24": [
            24,
            3,
            43085.76512848493,
            0,
            "note",
            ""
        ],
        
        
        "note25": [
            25,
            6,
            43241.785928485915,
            285.7142857142857,
            "note",
            ""
        ],
        
        
        "note26": [
            26,
            7,
            43566.74482847564,
            0,
            "note",
            ""
        ],
        
        
        "note27": [
            27,
            2,
            44021.81802852545,
            0,
            "note",
            ""
        ],
        
        
        "note28": [
            28,
            3,
            44528.747928556986,
            0,
            "note",
            ""
        ],
        
        
        "note29": [
            29,
            0,
            45399.746428588405,
            142.85714285714286,
            "note",
            ""
        ],
        
        
        "note30": [
            30,
            2,
            65614.29458611645,
            0,
            "note",
            ""
        ],
        
        
        "note31": [
            31,
            3,
            67889.39758610912,
            0,
            "note",
            ""
        ],
        
        
        "note32": [
            32,
            0,
            70190.29048608616,
            0,
            "note",
            ""
        ],
        
        
        "note33": [
            33,
            3,
            72465.33568610437,
            0,
            "note",
            ""
        ],
        
        
        "note34": [
            34,
            7,
            73063.30218608025,
            0,
            "note",
            ""
        ],
        
        
        "note35": [
            35,
            2,
            74844.33318615891,
            0,
            "note",
            ""
        ],
        
        
        "note36": [
            36,
            0,
            76963.29358615447,
            0,
            "note",
            ""
        ],
        
        
        "note37": [
            37,
            1,
            77626.3034860557,
            0,
            "note",
            ""
        ],
        
        
        "note38": [
            38,
            2,
            77626.3034860557,
            0,
            "note",
            ""
        ],
        
        
        "note39": [
            39,
            2,
            79199.2906860495,
            0,
            "note",
            ""
        ],
        
        
        "note40": [
            40,
            0,
            79602.35868615098,
            0,
            "note",
            ""
        ],
        
        
        "note41": [
            41,
            3,
            80018.32988613285,
            0,
            "note",
            ""
        ],
        
        
        "note42": [
            42,
            7,
            80161.3396861311,
            0,
            "note",
            ""
        ],
        
        
        "note43": [
            43,
            2,
            80486.32388608065,
            0,
            "note",
            ""
        ],
        
        
        "note44": [
            44,
            1,
            81019.30398609955,
            0,
            "note",
            ""
        ]
        
    }